year_season;strata;sex;age;obs;unobs;est;ci_lower;ci_upper;method;degenerate_share;n_boot_used
2019/2020;total;total;total;1634;2667;4301;3979;4871;chao;0.0;997.0
2019/2020;total;total;total;1634;1741;3375;3031;3846;loglin_nonsaturated;;
2019/2020;total;total;total;1634;5249;6883;4910;9946;loglin_saturated;;
2019/2020;total;total;total;1634;2695;4329;3979;4940;zelterman;0.0;997.0
2019/2020;Женщины;Женщины;total;228;368;596;477;954;chao;0.0;997.0
2019/2020;Женщины;Женщины;total;228;247;475;408;565;loglin_nonsaturated;;
2019/2020;Женщины;Женщины;total;228;744;972;689;1446;loglin_saturated;;
2019/2020;Женщины;Женщины;total;228;374;602;476;979;zelterman;0.0;997.0
2019/2020;Женщины, 18‒34;Женщины;18‒34;46;114;160;95;487;chao;0.0;997.0
2019/2020;Женщины, 18‒34;Женщины;18‒34;46;45;91;66;121;loglin_nonsaturated;;
2019/2020;Женщины, 18‒34;Женщины;18‒34;46;136;182;117;282;loglin_saturated;;
2019/2020;Женщины, 18‒34;Женщины;18‒34;46;120;166;95;506;zelterman;0.0;997.0
2019/2020;Женщины, 35‒49;Женщины;35‒49;86;117;203;144;322;chao;0.0;1000.0
2019/2020;Женщины, 35‒49;Женщины;35‒49;86;87;173;135;218;loglin_nonsaturated;;
2019/2020;Женщины, 35‒49;Женщины;35‒49;86;261;347;234;531;loglin_saturated;;
2019/2020;Женщины, 35‒49;Женщины;35‒49;86;116;202;139;327;zelterman;0.0;1000.0
2019/2020;Женщины, 50‒79;Женщины;50‒79;96;136;232;174;363;chao;0.0;1000.0
2019/2020;Женщины, 50‒79;Женщины;50‒79;96;115;211;166;263;loglin_nonsaturated;;
2019/2020;Женщины, 50‒79;Женщины;50‒79;96;347;443;299;678;loglin_saturated;;
2019/2020;Женщины, 50‒79;Женщины;50‒79;96;138;234;171;374;zelterman;0.0;1000.0
2019/2020;Мужчины;Мужчины;total;1406;2299;3705;3400;4146;chao;0.0;1000.0
2019/2020;Мужчины;Мужчины;total;1406;1495;2901;2599;3300;loglin_nonsaturated;;
2019/2020;Мужчины;Мужчины;total;1406;4506;5912;4206;8563;loglin_saturated;;
2019/2020;Мужчины;Мужчины;total;1406;2320;3726;3407;4186;zelterman;0.0;1000.0
2019/2020;Мужчины, 18‒34;Мужчины;18‒34;325;444;769;647;950;chao;0.0;1000.0
2019/2020;Мужчины, 18‒34;Мужчины;18‒34;325;319;644;552;746;loglin_nonsaturated;;
2019/2020;Мужчины, 18‒34;Мужчины;18‒34;325;961;1286;916;1896;loglin_saturated;;
2019/2020;Мужчины, 18‒34;Мужчины;18‒34;325;444;769;637;961;zelterman;0.0;1000.0
2019/2020;Мужчины, 35‒49;Мужчины;35‒49;626;1072;1698;1476;2008;chao;0.0;1000.0
2019/2020;Мужчины, 35‒49;Мужчины;35‒49;626;631;1257;1109;1441;loglin_nonsaturated;;
2019/2020;Мужчины, 35‒49;Мужчины;35‒49;626;1902;2528;1808;3693;loglin_saturated;;
2019/2020;Мужчины, 35‒49;Мужчины;35‒49;626;1080;1706;1467;2038;zelterman;0.0;1000.0
2019/2020;Мужчины, 50‒79;Мужчины;50‒79;455;783;1238;1054;1515;chao;0.0;1000.0
2019/2020;Мужчины, 50‒79;Мужчины;50‒79;455;545;1000;873;1159;loglin_nonsaturated;;
2019/2020;Мужчины, 50‒79;Мужчины;50‒79;455;1643;2098;1486;3131;loglin_saturated;;
2019/2020;Мужчины, 50‒79;Мужчины;50‒79;455;796;1251;1056;1542;zelterman;0.0;1000.0
2020/2021;total;total;total;1417;2585;4002;3627;4559;chao;0.0;1000.0
2020/2021;total;total;total;1417;1710;3127;2779;3600;loglin_nonsaturated;;
2020/2021;total;total;total;1417;5663;7080;4880;11093;loglin_saturated;;
2020/2021;total;total;total;1417;2643;4060;3660;4650;zelterman;0.0;1000.0
2020/2021;Женщины;Женщины;total;194;218;412;345;559;chao;0.0;1000.0
2020/2021;Женщины;Женщины;total;194;268;462;379;568;loglin_nonsaturated;;
2020/2021;Женщины;Женщины;total;194;888;1082;719;1766;loglin_saturated;;
2020/2021;Женщины;Женщины;total;194;212;406;337;561;zelterman;0.0;1000.0
2020/2021;Женщины, 18‒34;Женщины;18‒34;39;41;80;56;148;chao;0.0;1000.0
2020/2021;Женщины, 18‒34;Женщины;18‒34;39;67;106;83;138;loglin_nonsaturated;;
2020/2021;Женщины, 18‒34;Женщины;18‒34;39;220;259;167;439;loglin_saturated;;
2020/2021;Женщины, 18‒34;Женщины;18‒34;39;41;80;54;149;zelterman;0.0;1000.0
2020/2021;Женщины, 35‒49;Женщины;35‒49;81;113;194;142;304;chao;0.0;1000.0
2020/2021;Женщины, 35‒49;Женщины;35‒49;81;122;203;166;257;loglin_nonsaturated;;
2020/2021;Женщины, 35‒49;Женщины;35‒49;81;404;485;318;807;loglin_saturated;;
2020/2021;Женщины, 35‒49;Женщины;35‒49;81;111;192;136;310;zelterman;0.0;1000.0
2020/2021;Женщины, 50‒79;Женщины;50‒79;74;64;138;107;194;chao;0.0;1000.0
2020/2021;Женщины, 50‒79;Женщины;50‒79;74;79;153;116;187;loglin_nonsaturated;;
2020/2021;Женщины, 50‒79;Женщины;50‒79;74;263;337;221;543;loglin_saturated;;
2020/2021;Женщины, 50‒79;Женщины;50‒79;74;60;134;101;193;zelterman;0.0;1000.0
2020/2021;Мужчины;Мужчины;total;1223;2367;3590;3226;4155;chao;0.0;1000.0
2020/2021;Мужчины;Мужчины;total;1223;1442;2665;2366;3066;loglin_nonsaturated;;
2020/2021;Мужчины;Мужчины;total;1223;4776;5999;4121;9339;loglin_saturated;;
2020/2021;Мужчины;Мужчины;total;1223;2431;3654;3257;4241;zelterman;0.0;1000.0
2020/2021;Мужчины, 18‒34;Мужчины;18‒34;262;591;853;662;1166;chao;0.0;1000.0
2020/2021;Мужчины, 18‒34;Мужчины;18‒34;262;358;620;523;741;loglin_nonsaturated;;
2020/2021;Мужчины, 18‒34;Мужчины;18‒34;262;1185;1447;975;2295;loglin_saturated;;
2020/2021;Мужчины, 18‒34;Мужчины;18‒34;262;608;870;663;1204;zelterman;0.0;1000.0
2020/2021;Мужчины, 35‒49;Мужчины;35‒49;537;767;1304;1142;1537;chao;0.0;1000.0
2020/2021;Мужчины, 35‒49;Мужчины;35‒49;537;657;1194;1038;1394;loglin_nonsaturated;;
2020/2021;Мужчины, 35‒49;Мужчины;35‒49;537;2176;2713;1855;4227;loglin_saturated;;
2020/2021;Мужчины, 35‒49;Мужчины;35‒49;537;763;1300;1130;1546;zelterman;0.0;1000.0
2020/2021;Мужчины, 50‒79;Мужчины;50‒79;424;1008;1432;1165;1848;chao;0.0;1000.0
2020/2021;Мужчины, 50‒79;Мужчины;50‒79;424;427;851;734;1000;loglin_nonsaturated;;
2020/2021;Мужчины, 50‒79;Мужчины;50‒79;424;1415;1839;1248;2869;loglin_saturated;;
2020/2021;Мужчины, 50‒79;Мужчины;50‒79;424;1061;1485;1195;1926;zelterman;0.0;1000.0
2021/2022;total;total;total;1572;2298;3870;3595;4342;chao;0.0;999.0
2021/2022;total;total;total;1572;1653;3225;2875;3652;loglin_nonsaturated;;
2021/2022;total;total;total;1572;4189;5761;4283;8340;loglin_saturated;;
2021/2022;total;total;total;1572;2321;3893;3597;4395;zelterman;0.0;999.0
2021/2022;Женщины;Женщины;total;209;361;570;463;838;chao;0.0;999.0
2021/2022;Женщины;Женщины;total;209;249;458;375;557;loglin_nonsaturated;;
2021/2022;Женщины;Женщины;total;209;632;841;587;1284;loglin_saturated;;
2021/2022;Женщины;Женщины;total;209;365;574;460;857;zelterman;0.0;999.0
2021/2022;Женщины, 18‒34;Женщины;18‒34;38;56;94;60;220;chao;0.0;999.0
2021/2022;Женщины, 18‒34;Женщины;18‒34;38;42;80;65;106;loglin_nonsaturated;;
2021/2022;Женщины, 18‒34;Женщины;18‒34;38;106;144;103;226;loglin_saturated;;
2021/2022;Женщины, 18‒34;Женщины;18‒34;38;59;97;60;229;zelterman;0.0;999.0
2021/2022;Женщины, 35‒49;Женщины;35‒49;88;145;233;169;384;chao;0.0;1000.0
2021/2022;Женщины, 35‒49;Женщины;35‒49;88;108;196;164;249;loglin_nonsaturated;;
2021/2022;Женщины, 35‒49;Женщины;35‒49;88;275;363;258;565;loglin_saturated;;
2021/2022;Женщины, 35‒49;Женщины;35‒49;88;146;234;166;403;zelterman;0.0;1000.0
2021/2022;Женщины, 50‒79;Женщины;50‒79;83;160;243;176;435;chao;0.0;1000.0
2021/2022;Женщины, 50‒79;Женщины;50‒79;83;99;182;134;212;loglin_nonsaturated;;
2021/2022;Женщины, 50‒79;Женщины;50‒79;83;251;334;223;498;loglin_saturated;;
2021/2022;Женщины, 50‒79;Женщины;50‒79;83;160;243;172;433;zelterman;0.0;1000.0
2021/2022;Мужчины;Мужчины;total;1363;1937;3300;3022;3686;chao;0.0;1000.0
2021/2022;Мужчины;Мужчины;total;1363;1404;2767;2473;3122;loglin_nonsaturated;;
2021/2022;Мужчины;Мужчины;total;1363;3557;4920;3655;7071;loglin_saturated;;
2021/2022;Мужчины;Мужчины;total;1363;1956;3319;3025;3750;zelterman;0.0;1000.0
2021/2022;Мужчины, 18‒34;Мужчины;18‒34;286;383;669;557;862;chao;0.0;1000.0
2021/2022;Мужчины, 18‒34;Мужчины;18‒34;286;236;522;442;608;loglin_nonsaturated;;
2021/2022;Мужчины, 18‒34;Мужчины;18‒34;286;597;883;644;1284;loglin_saturated;;
2021/2022;Мужчины, 18‒34;Мужчины;18‒34;286;398;684;558;900;zelterman;0.0;1000.0
2021/2022;Мужчины, 35‒49;Мужчины;35‒49;636;854;1490;1311;1726;chao;0.0;1000.0
2021/2022;Мужчины, 35‒49;Мужчины;35‒49;636;610;1246;1094;1409;loglin_nonsaturated;;
2021/2022;Мужчины, 35‒49;Мужчины;35‒49;636;1546;2182;1604;3179;loglin_saturated;;
2021/2022;Мужчины, 35‒49;Мужчины;35‒49;636;859;1495;1309;1746;zelterman;0.0;1000.0
2021/2022;Мужчины, 50‒79;Мужчины;50‒79;441;700;1141;965;1396;chao;0.0;1000.0
2021/2022;Мужчины, 50‒79;Мужчины;50‒79;441;558;999;874;1189;loglin_nonsaturated;;
2021/2022;Мужчины, 50‒79;Мужчины;50‒79;441;1414;1855;1370;2803;loglin_saturated;;
2021/2022;Мужчины, 50‒79;Мужчины;50‒79;441;698;1139;953;1409;zelterman;0.0;1000.0
2022/2023;total;total;total;1475;2161;3636;3367;4153;chao;0.0;998.0
2022/2023;total;total;total;1475;1375;2850;2603;3132;loglin_nonsaturated;;
2022/2023;total;total;total;1475;2687;4162;3073;5987;loglin_saturated;;
2022/2023;total;total;total;1475;2145;3620;3334;4160;zelterman;0.0;998.0
2022/2023;Женщины;Женщины;total;208;357;565;454;939;chao;0.0;998.0
2022/2023;Женщины;Женщины;total;208;198;406;348;472;loglin_nonsaturated;;
2022/2023;Женщины;Женщины;total;208;388;596;427;871;loglin_saturated;;
2022/2023;Женщины;Женщины;total;208;362;570;452;967;zelterman;0.0;998.0
2022/2023;Женщины, 18‒34;Женщины;18‒34;36;84;120;67;325;chao;0.0;998.0
2022/2023;Женщины, 18‒34;Женщины;18‒34;36;31;67;47;92;loglin_nonsaturated;;
2022/2023;Женщины, 18‒34;Женщины;18‒34;36;61;97;60;153;loglin_saturated;;
2022/2023;Женщины, 18‒34;Женщины;18‒34;36;87;123;66;324;zelterman;0.0;998.0
2022/2023;Женщины, 35‒49;Женщины;35‒49;76;92;168;126;274;chao;0.0;1000.0
2022/2023;Женщины, 35‒49;Женщины;35‒49;76;65;141;108;177;loglin_nonsaturated;;
2022/2023;Женщины, 35‒49;Женщины;35‒49;76;127;203;139;309;loglin_saturated;;
2022/2023;Женщины, 35‒49;Женщины;35‒49;76;91;167;122;279;zelterman;0.0;1000.0
2022/2023;Женщины, 50‒79;Женщины;50‒79;96;181;277;195;470;chao;0.0;1000.0
2022/2023;Женщины, 50‒79;Женщины;50‒79;96;102;198;158;244;loglin_nonsaturated;;
2022/2023;Женщины, 50‒79;Женщины;50‒79;96;200;296;196;439;loglin_saturated;;
2022/2023;Женщины, 50‒79;Женщины;50‒79;96;183;279;193;487;zelterman;0.0;1000.0
2022/2023;Мужчины;Мужчины;total;1267;1804;3071;2827;3439;chao;0.0;1000.0
2022/2023;Мужчины;Мужчины;total;1267;1177;2444;2220;2689;loglin_nonsaturated;;
2022/2023;Мужчины;Мужчины;total;1267;2300;3567;2617;5158;loglin_saturated;;
2022/2023;Мужчины;Мужчины;total;1267;1783;3050;2790;3437;zelterman;0.0;1000.0
2022/2023;Мужчины, 18‒34;Мужчины;18‒34;278;394;672;555;841;chao;0.0;1000.0
2022/2023;Мужчины, 18‒34;Мужчины;18‒34;278;243;521;449;597;loglin_nonsaturated;;
2022/2023;Мужчины, 18‒34;Мужчины;18‒34;278;474;752;533;1094;loglin_saturated;;
2022/2023;Мужчины, 18‒34;Мужчины;18‒34;278;395;673;547;856;zelterman;0.0;1000.0
2022/2023;Мужчины, 35‒49;Мужчины;35‒49;557;683;1240;1097;1437;chao;0.0;1000.0
2022/2023;Мужчины, 35‒49;Мужчины;35‒49;557;475;1032;922;1158;loglin_nonsaturated;;
2022/2023;Мужчины, 35‒49;Мужчины;35‒49;557;928;1485;1097;2157;loglin_saturated;;
2022/2023;Мужчины, 35‒49;Мужчины;35‒49;557;667;1224;1073;1428;zelterman;0.0;1000.0
2022/2023;Мужчины, 50‒79;Мужчины;50‒79;432;727;1159;975;1418;chao;0.0;1000.0
2022/2023;Мужчины, 50‒79;Мужчины;50‒79;432;459;891;778;1023;loglin_nonsaturated;;
2022/2023;Мужчины, 50‒79;Мужчины;50‒79;432;898;1330;946;1961;loglin_saturated;;
2022/2023;Мужчины, 50‒79;Мужчины;50‒79;432;722;1154;966;1419;zelterman;0.0;1000.0
2023/2024;total;total;total;1221;2003;3224;2967;3683;chao;0.0;1000.0
2023/2024;total;total;total;1221;1654;2875;2403;3594;loglin_nonsaturated;;
2023/2024;total;total;total;1221;3385;4606;3189;7077;loglin_saturated;;
2023/2024;total;total;total;1221;2007;3228;2950;3710;zelterman;0.0;1000.0
2023/2024;Женщины;Женщины;total;156;220;376;294;607;chao;0.0;1000.0
2023/2024;Женщины;Женщины;total;156;145;301;240;381;loglin_nonsaturated;;
2023/2024;Женщины;Женщины;total;156;297;453;304;697;loglin_saturated;;
2023/2024;Женщины;Женщины;total;156;224;380;289;623;zelterman;0.0;1000.0
2023/2024;Женщины, 18‒34;Женщины;18‒34;28;23;51;36;100;chao;0.0;1000.0
2023/2024;Женщины, 18‒34;Женщины;18‒34;28;32;60;42;84;loglin_nonsaturated;;
2023/2024;Женщины, 18‒34;Женщины;18‒34;28;66;94;57;152;loglin_saturated;;
2023/2024;Женщины, 18‒34;Женщины;18‒34;28;21;49;34;99;zelterman;0.0;1000.0
2023/2024;Женщины, 35‒49;Женщины;35‒49;68;75;143;108;236;chao;0.0;1000.0
2023/2024;Женщины, 35‒49;Женщины;35‒49;68;61;129;98;166;loglin_nonsaturated;;
2023/2024;Женщины, 35‒49;Женщины;35‒49;68;124;192;128;299;loglin_saturated;;
2023/2024;Женщины, 35‒49;Женщины;35‒49;68;74;142;104;244;zelterman;0.0;1000.0
2023/2024;Женщины, 50‒79;Женщины;50‒79;60;123;183;117;385;chao;0.0;1000.0
2023/2024;Женщины, 50‒79;Женщины;50‒79;60;52;112;86;147;loglin_nonsaturated;;
2023/2024;Женщины, 50‒79;Женщины;50‒79;60;107;167;111;256;loglin_saturated;;
2023/2024;Женщины, 50‒79;Женщины;50‒79;60;129;189;117;413;zelterman;0.0;1000.0
2023/2024;Мужчины;Мужчины;total;1065;1783;2848;2598;3235;chao;0.0;1000.0
2023/2024;Мужчины;Мужчины;total;1065;1509;2574;2153;3250;loglin_nonsaturated;;
2023/2024;Мужчины;Мужчины;total;1065;3088;4153;2857;6405;loglin_saturated;;
2023/2024;Мужчины;Мужчины;total;1065;1783;2848;2583;3260;zelterman;0.0;1000.0
2023/2024;Мужчины, 18‒34;Мужчины;18‒34;203;381;584;454;805;chao;0.0;1000.0
2023/2024;Мужчины, 18‒34;Мужчины;18‒34;203;333;536;418;706;loglin_nonsaturated;;
2023/2024;Мужчины, 18‒34;Мужчины;18‒34;203;682;885;573;1440;loglin_saturated;;
2023/2024;Мужчины, 18‒34;Мужчины;18‒34;203;386;589;450;825;zelterman;0.0;1000.0
2023/2024;Мужчины, 35‒49;Мужчины;35‒49;470;716;1186;1013;1408;chao;0.0;1000.0
2023/2024;Мужчины, 35‒49;Мужчины;35‒49;470;630;1100;900;1390;loglin_nonsaturated;;
2023/2024;Мужчины, 35‒49;Мужчины;35‒49;470;1290;1760;1183;2737;loglin_saturated;;
2023/2024;Мужчины, 35‒49;Мужчины;35‒49;470;717;1187;1006;1423;zelterman;0.0;1000.0
2023/2024;Мужчины, 50‒79;Мужчины;50‒79;392;686;1078;919;1353;chao;0.0;1000.0
2023/2024;Мужчины, 50‒79;Мужчины;50‒79;392;546;938;758;1224;loglin_nonsaturated;;
2023/2024;Мужчины, 50‒79;Мужчины;50‒79;392;1117;1509;1029;2327;loglin_saturated;;
2023/2024;Мужчины, 50‒79;Мужчины;50‒79;392;680;1072;905;1355;zelterman;0.0;1000.0
2024/2025;total;total;total;1278;2513;3791;3405;4844;chao;0.02;982.0
2024/2025;total;total;total;1278;2407;3685;2954;4974;loglin_nonsaturated;;
2024/2025;total;total;total;1278;4066;5344;3584;8734;loglin_saturated;;
2024/2025;total;total;total;1278;2530;3808;3394;4909;zelterman;0.02;982.0
2024/2025;Женщины;Женщины;total;182;557;739;518;1517;chao;0.02;982.0
2024/2025;Женщины;Женщины;total;182;295;477;364;663;loglin_nonsaturated;;
2024/2025;Женщины;Женщины;total;182;499;681;442;1152;loglin_saturated;;
2024/2025;Женщины;Женщины;total;182;577;759;520;1569;zelterman;0.02;982.0
2024/2025;Женщины, 18‒34;Женщины;18‒34;24;45;69;38;266;chao;0.01;987.0
2024/2025;Женщины, 18‒34;Женщины;18‒34;24;39;63;49;98;loglin_nonsaturated;;
2024/2025;Женщины, 18‒34;Женщины;18‒34;24;67;91;61;168;loglin_saturated;;
2024/2025;Женщины, 18‒34;Женщины;18‒34;24;46;70;38;276;zelterman;0.01;987.0
2024/2025;Женщины, 35‒49;Женщины;35‒49;70;372;442;231;1164;chao;0.01;995.0
2024/2025;Женщины, 35‒49;Женщины;35‒49;70;111;181;145;264;loglin_nonsaturated;;
2024/2025;Женщины, 35‒49;Женщины;35‒49;70;189;259;176;445;loglin_saturated;;
2024/2025;Женщины, 35‒49;Женщины;35‒49;70;393;463;236;1193;zelterman;0.01;995.0
2024/2025;Женщины, 50‒79;Женщины;50‒79;88;140;228;165;355;chao;0.0;1000.0
2024/2025;Женщины, 50‒79;Женщины;50‒79;88;145;233;160;307;loglin_nonsaturated;;
2024/2025;Женщины, 50‒79;Женщины;50‒79;88;242;330;193;548;loglin_saturated;;
2024/2025;Женщины, 50‒79;Женщины;50‒79;88;138;226;159;354;zelterman;0.0;1000.0
2024/2025;Мужчины;Мужчины;total;1096;1955;3051;2746;3536;chao;0.0;1000.0
2024/2025;Мужчины;Мужчины;total;1096;2112;3208;2575;4333;loglin_nonsaturated;;
2024/2025;Мужчины;Мужчины;total;1096;3568;4664;3090;7657;loglin_saturated;;
2024/2025;Мужчины;Мужчины;total;1096;1953;3049;2722;3561;zelterman;0.0;1000.0
2024/2025;Мужчины, 18‒34;Мужчины;18‒34;186;216;402;330;518;chao;0.0;1000.0
2024/2025;Мужчины, 18‒34;Мужчины;18‒34;186;281;467;359;637;loglin_nonsaturated;;
2024/2025;Мужчины, 18‒34;Мужчины;18‒34;186;480;666;435;1105;loglin_saturated;;
2024/2025;Мужчины, 18‒34;Мужчины;18‒34;186;208;394;320;513;zelterman;0.0;1000.0
2024/2025;Мужчины, 35‒49;Мужчины;35‒49;498;818;1316;1123;1592;chao;0.0;1000.0
2024/2025;Мужчины, 35‒49;Мужчины;35‒49;498;796;1294;1013;1712;loglin_nonsaturated;;
2024/2025;Мужчины, 35‒49;Мужчины;35‒49;498;1355;1853;1219;2937;loglin_saturated;;
2024/2025;Мужчины, 35‒49;Мужчины;35‒49;498;815;1313;1107;1601;zelterman;0.0;1000.0
2024/2025;Мужчины, 50‒79;Мужчины;50‒79;412;921;1333;1089;1684;chao;0.0;1000.0
2024/2025;Мужчины, 50‒79;Мужчины;50‒79;412;1035;1447;1132;2033;loglin_nonsaturated;;
2024/2025;Мужчины, 50‒79;Мужчины;50‒79;412;1733;2145;1402;3681;loglin_saturated;;
2024/2025;Мужчины, 50‒79;Мужчины;50‒79;412;930;1342;1090;1709;zelterman;0.0;1000.0
2025/2026;total;total;total;1124;2256;3380;3052;4015;chao;0.01;987.0
2025/2026;total;total;total;1124;1459;2583;2276;2946;loglin_nonsaturated;;
2025/2026;total;total;total;1124;4892;6016;3788;10384;loglin_saturated;;
2025/2026;total;total;total;1124;2277;3401;3056;4051;zelterman;0.01;987.0
2025/2026;Женщины;Женщины;total;150;323;473;362;867;chao;0.01;987.0
2025/2026;Женщины;Женщины;total;150;235;385;313;472;loglin_nonsaturated;;
2025/2026;Женщины;Женщины;total;150;787;937;565;1654;loglin_saturated;;
2025/2026;Женщины;Женщины;total;150;328;478;363;893;zelterman;0.01;987.0
2025/2026;Женщины, 18‒34;Женщины;18‒34;28;66;94;51;366;chao;0.01;987.0
2025/2026;Женщины, 18‒34;Женщины;18‒34;28;32;60;38;72;loglin_nonsaturated;;
2025/2026;Женщины, 18‒34;Женщины;18‒34;28;106;134;74;240;loglin_saturated;;
2025/2026;Женщины, 18‒34;Женщины;18‒34;28;67;95;49;378;zelterman;0.01;987.0
2025/2026;Женщины, 35‒49;Женщины;35‒49;53;89;142;91;306;chao;0.0;1000.0
2025/2026;Женщины, 35‒49;Женщины;35‒49;53;80;133;114;181;loglin_nonsaturated;;
2025/2026;Женщины, 35‒49;Женщины;35‒49;53;272;325;203;579;loglin_saturated;;
2025/2026;Женщины, 35‒49;Женщины;35‒49;53;93;146;91;325;zelterman;0.0;1000.0
2025/2026;Женщины, 50‒79;Женщины;50‒79;69;168;237;154;479;chao;0.0;1000.0
2025/2026;Женщины, 50‒79;Женщины;50‒79;69;123;192;145;237;loglin_nonsaturated;;
2025/2026;Женщины, 50‒79;Женщины;50‒79;69;409;478;280;853;loglin_saturated;;
2025/2026;Женщины, 50‒79;Женщины;50‒79;69;168;237;152;477;zelterman;0.0;1000.0
2025/2026;Мужчины;Мужчины;total;974;1933;2907;2581;3403;chao;0.0;1000.0
2025/2026;Мужчины;Мужчины;total;974;1224;2198;1936;2509;loglin_nonsaturated;;
2025/2026;Мужчины;Мужчины;total;974;4105;5079;3196;8730;loglin_saturated;;
2025/2026;Мужчины;Мужчины;total;974;1949;2923;2578;3433;zelterman;0.0;1000.0
2025/2026;Мужчины, 18‒34;Мужчины;18‒34;139;258;397;298;603;chao;0.0;1000.0
2025/2026;Мужчины, 18‒34;Мужчины;18‒34;139;165;304;250;387;loglin_nonsaturated;;
2025/2026;Мужчины, 18‒34;Мужчины;18‒34;139;555;694;435;1243;loglin_saturated;;
2025/2026;Мужчины, 18‒34;Мужчины;18‒34;139;265;404;298;619;zelterman;0.0;1000.0
2025/2026;Мужчины, 35‒49;Мужчины;35‒49;446;748;1194;1017;1444;chao;0.0;1000.0
2025/2026;Мужчины, 35‒49;Мужчины;35‒49;446;417;863;746;984;loglin_nonsaturated;;
2025/2026;Мужчины, 35‒49;Мужчины;35‒49;446;1418;1864;1170;3107;loglin_saturated;;
2025/2026;Мужчины, 35‒49;Мужчины;35‒49;446;759;1205;1013;1473;zelterman;0.0;1000.0
2025/2026;Мужчины, 50‒79;Мужчины;50‒79;389;927;1316;1061;1672;chao;0.0;1000.0
2025/2026;Мужчины, 50‒79;Мужчины;50‒79;389;642;1031;878;1230;loglin_nonsaturated;;
2025/2026;Мужчины, 50‒79;Мужчины;50‒79;389;2132;2521;1542;4524;loglin_saturated;;
2025/2026;Мужчины, 50‒79;Мужчины;50‒79;389;926;1315;1053;1689;zelterman;0.0;1000.0
