season;model;parameter;coef;SE;p_value;signif
2019/2020;main + [КС:НП][КС:ПО][НП:ПО][ПО:В][П:В];Intercept;7.55;0.242;0.0;***
2019/2020;main + [КС:НП][КС:ПО][НП:ПО][ПО:В][П:В];П[Женщины];-1.985;0.115;0.0;***
2019/2020;main + [КС:НП][КС:ПО][НП:ПО][ПО:В][П:В];В[18‒34];-0.682;0.088;0.0;***
2019/2020;main + [КС:НП][КС:ПО][НП:ПО][ПО:В][П:В];В[50‒79];-0.146;0.075;0.052;.
2019/2020;main + [КС:НП][КС:ПО][НП:ПО][ПО:В][П:В];П[Женщины]:В[18‒34];0.03;0.195;0.878;
2019/2020;main + [КС:НП][КС:ПО][НП:ПО][ПО:В][П:В];П[Женщины]:В[50‒79];0.429;0.161;0.008;**
2019/2020;main + [КС:НП][КС:ПО][НП:ПО][ПО:В][П:В];КС;-2.143;0.235;0.0;***
2019/2020;main + [КС:НП][КС:ПО][НП:ПО][ПО:В][П:В];НП;-2.967;0.23;0.0;***
2019/2020;main + [КС:НП][КС:ПО][НП:ПО][ПО:В][П:В];ПО;-2.498;0.239;0.0;***
2019/2020;main + [КС:НП][КС:ПО][НП:ПО][ПО:В][П:В];ПО:В[18‒34];0.063;0.129;0.629;
2019/2020;main + [КС:НП][КС:ПО][НП:ПО][ПО:В][П:В];ПО:В[50‒79];-0.473;0.119;0.0;***
2019/2020;main + [КС:НП][КС:ПО][НП:ПО][ПО:В][П:В];КС:НП;1.28;0.207;0.0;***
2019/2020;main + [КС:НП][КС:ПО][НП:ПО][ПО:В][П:В];КС:ПО;1.103;0.212;0.0;***
2019/2020;main + [КС:НП][КС:ПО][НП:ПО][ПО:В][П:В];НП:ПО;1.045;0.179;0.0;***
2019/2020;main + [КС:НП][НП:ПО][ПО:В][П:В];Intercept;6.447;0.116;0.0;***
2019/2020;main + [КС:НП][НП:ПО][ПО:В][П:В];П[Женщины];-1.985;0.115;0.0;***
2019/2020;main + [КС:НП][НП:ПО][ПО:В][П:В];В[18‒34];-0.682;0.088;0.0;***
2019/2020;main + [КС:НП][НП:ПО][ПО:В][П:В];В[50‒79];-0.146;0.075;0.052;.
2019/2020;main + [КС:НП][НП:ПО][ПО:В][П:В];П[Женщины]:В[18‒34];0.03;0.195;0.878;
2019/2020;main + [КС:НП][НП:ПО][ПО:В][П:В];П[Женщины]:В[50‒79];0.429;0.161;0.008;**
2019/2020;main + [КС:НП][НП:ПО][ПО:В][П:В];КС;-1.039;0.101;0.0;***
2019/2020;main + [КС:НП][НП:ПО][ПО:В][П:В];НП;-1.96;0.125;0.0;***
2019/2020;main + [КС:НП][НП:ПО][ПО:В][П:В];ПО;-1.394;0.111;0.0;***
2019/2020;main + [КС:НП][НП:ПО][ПО:В][П:В];ПО:В[18‒34];0.063;0.129;0.629;
2019/2020;main + [КС:НП][НП:ПО][ПО:В][П:В];ПО:В[50‒79];-0.473;0.119;0.0;***
2019/2020;main + [КС:НП][НП:ПО][ПО:В][П:В];КС:НП;0.47;0.137;0.001;***
2019/2020;main + [КС:НП][НП:ПО][ПО:В][П:В];НП:ПО;0.411;0.141;0.003;**
2020/2021;main + [КС:НП][КС:ПО][НП:ПО][КС:В][ПО:П];Intercept;7.685;0.257;0.0;***
2020/2021;main + [КС:НП][КС:ПО][НП:ПО][КС:В][ПО:П];П[Женщины];-1.683;0.096;0.0;***
2020/2021;main + [КС:НП][КС:ПО][НП:ПО][КС:В][ПО:П];В[18‒34];-0.608;0.097;0.0;***
2020/2021;main + [КС:НП][КС:ПО][НП:ПО][КС:В][ПО:П];В[50‒79];-0.431;0.092;0.0;***
2020/2021;main + [КС:НП][КС:ПО][НП:ПО][КС:В][ПО:П];КС;-2.54;0.257;0.0;***
2020/2021;main + [КС:НП][КС:ПО][НП:ПО][КС:В][ПО:П];КС:В[18‒34];-0.232;0.141;0.1;.
2020/2021;main + [КС:НП][КС:ПО][НП:ПО][КС:В][ПО:П];КС:В[50‒79];0.385;0.122;0.002;**
2020/2021;main + [КС:НП][КС:ПО][НП:ПО][КС:В][ПО:П];НП;-3.153;0.245;0.0;***
2020/2021;main + [КС:НП][КС:ПО][НП:ПО][КС:В][ПО:П];ПО;-2.666;0.249;0.0;***
2020/2021;main + [КС:НП][КС:ПО][НП:ПО][КС:В][ПО:П];ПО:П[Женщины];-0.414;0.163;0.011;*
2020/2021;main + [КС:НП][КС:ПО][НП:ПО][КС:В][ПО:П];КС:НП;1.521;0.218;0.0;***
2020/2021;main + [КС:НП][КС:ПО][НП:ПО][КС:В][ПО:П];КС:ПО;1.197;0.224;0.0;***
2020/2021;main + [КС:НП][КС:ПО][НП:ПО][КС:В][ПО:П];НП:ПО;1.143;0.193;0.0;***
2020/2021;main + [КС:НП][НП:ПО][КС:В][ПО:П];Intercept;6.488;0.127;0.0;***
2020/2021;main + [КС:НП][НП:ПО][КС:В][ПО:П];П[Женщины];-1.683;0.096;0.0;***
2020/2021;main + [КС:НП][НП:ПО][КС:В][ПО:П];В[18‒34];-0.608;0.097;0.0;***
2020/2021;main + [КС:НП][НП:ПО][КС:В][ПО:П];В[50‒79];-0.431;0.092;0.0;***
2020/2021;main + [КС:НП][НП:ПО][КС:В][ПО:П];КС;-1.342;0.126;0.0;***
2020/2021;main + [КС:НП][НП:ПО][КС:В][ПО:П];КС:В[18‒34];-0.232;0.141;0.1;.
2020/2021;main + [КС:НП][НП:ПО][КС:В][ПО:П];КС:В[50‒79];0.385;0.122;0.002;**
2020/2021;main + [КС:НП][НП:ПО][КС:В][ПО:П];НП;-2.061;0.135;0.0;***
2020/2021;main + [КС:НП][НП:ПО][КС:В][ПО:П];ПО;-1.468;0.109;0.0;***
2020/2021;main + [КС:НП][НП:ПО][КС:В][ПО:П];ПО:П[Женщины];-0.414;0.163;0.011;*
2020/2021;main + [КС:НП][НП:ПО][КС:В][ПО:П];КС:НП;0.657;0.148;0.0;***
2020/2021;main + [КС:НП][НП:ПО][КС:В][ПО:П];НП:ПО;0.448;0.152;0.003;**
2021/2022;main + [КС:НП][КС:ПО][НП:ПО][НП:П][НП:В][ПО:П][ПО:В];Intercept;7.343;0.236;0.0;***
2021/2022;main + [КС:НП][КС:ПО][НП:ПО][НП:П][НП:В][ПО:П][ПО:В];П[Женщины];-1.728;0.114;0.0;***
2021/2022;main + [КС:НП][КС:ПО][НП:ПО][НП:П][НП:В][ПО:П][ПО:В];В[18‒34];-0.951;0.113;0.0;***
2021/2022;main + [КС:НП][КС:ПО][НП:ПО][НП:П][НП:В][ПО:П][ПО:В];В[50‒79];-0.089;0.089;0.32;
2021/2022;main + [КС:НП][КС:ПО][НП:ПО][НП:П][НП:В][ПО:П][ПО:В];КС;-2.064;0.227;0.0;***
2021/2022;main + [КС:НП][КС:ПО][НП:ПО][НП:П][НП:В][ПО:П][ПО:В];НП;-2.94;0.232;0.0;***
2021/2022;main + [КС:НП][КС:ПО][НП:ПО][НП:П][НП:В][ПО:П][ПО:В];НП:П[Женщины];0.397;0.157;0.011;*
2021/2022;main + [КС:НП][КС:ПО][НП:ПО][НП:П][НП:В][ПО:П][ПО:В];НП:В[18‒34];0.165;0.146;0.258;
2021/2022;main + [КС:НП][КС:ПО][НП:ПО][НП:П][НП:В][ПО:П][ПО:В];НП:В[50‒79];-0.278;0.13;0.033;*
2021/2022;main + [КС:НП][КС:ПО][НП:ПО][НП:П][НП:В][ПО:П][ПО:В];ПО;-2.102;0.234;0.0;***
2021/2022;main + [КС:НП][КС:ПО][НП:ПО][НП:П][НП:В][ПО:П][ПО:В];ПО:П[Женщины];-0.738;0.164;0.0;***
2021/2022;main + [КС:НП][КС:ПО][НП:ПО][НП:П][НП:В][ПО:П][ПО:В];ПО:В[18‒34];0.192;0.137;0.161;
2021/2022;main + [КС:НП][КС:ПО][НП:ПО][НП:П][НП:В][ПО:П][ПО:В];ПО:В[50‒79];-0.357;0.119;0.003;**
2021/2022;main + [КС:НП][КС:ПО][НП:ПО][НП:П][НП:В][ПО:П][ПО:В];КС:НП;1.286;0.193;0.0;***
2021/2022;main + [КС:НП][КС:ПО][НП:ПО][НП:П][НП:В][ПО:П][ПО:В];КС:ПО;0.93;0.205;0.0;***
2021/2022;main + [КС:НП][КС:ПО][НП:ПО][НП:П][НП:В][ПО:П][ПО:В];НП:ПО;1.073;0.179;0.0;***
2021/2022;main + [КС:НП][НП:ПО][НП:П][НП:В][ПО:П][ПО:В];Intercept;6.414;0.117;0.0;***
2021/2022;main + [КС:НП][НП:ПО][НП:П][НП:В][ПО:П][ПО:В];П[Женщины];-1.728;0.114;0.0;***
2021/2022;main + [КС:НП][НП:ПО][НП:П][НП:В][ПО:П][ПО:В];В[18‒34];-0.951;0.113;0.0;***
2021/2022;main + [КС:НП][НП:ПО][НП:П][НП:В][ПО:П][ПО:В];В[50‒79];-0.089;0.089;0.32;
2021/2022;main + [КС:НП][НП:ПО][НП:П][НП:В][ПО:П][ПО:В];КС;-1.134;0.098;0.0;***
2021/2022;main + [КС:НП][НП:ПО][НП:П][НП:В][ПО:П][ПО:В];НП;-2.116;0.143;0.0;***
2021/2022;main + [КС:НП][НП:ПО][НП:П][НП:В][ПО:П][ПО:В];НП:П[Женщины];0.397;0.157;0.011;*
2021/2022;main + [КС:НП][НП:ПО][НП:П][НП:В][ПО:П][ПО:В];НП:В[18‒34];0.165;0.146;0.258;
2021/2022;main + [КС:НП][НП:ПО][НП:П][НП:В][ПО:П][ПО:В];НП:В[50‒79];-0.278;0.13;0.033;*
2021/2022;main + [КС:НП][НП:ПО][НП:П][НП:В][ПО:П][ПО:В];ПО;-1.173;0.112;0.0;***
2021/2022;main + [КС:НП][НП:ПО][НП:П][НП:В][ПО:П][ПО:В];ПО:П[Женщины];-0.738;0.164;0.0;***
2021/2022;main + [КС:НП][НП:ПО][НП:П][НП:В][ПО:П][ПО:В];ПО:В[18‒34];0.192;0.137;0.161;
2021/2022;main + [КС:НП][НП:ПО][НП:П][НП:В][ПО:П][ПО:В];ПО:В[50‒79];-0.357;0.119;0.003;**
2021/2022;main + [КС:НП][НП:ПО][НП:П][НП:В][ПО:П][ПО:В];КС:НП;0.66;0.136;0.0;***
2021/2022;main + [КС:НП][НП:ПО][НП:П][НП:В][ПО:П][ПО:В];НП:ПО;0.537;0.14;0.0;***
2022/2023;main + [КС:НП][КС:ПО][НП:ПО][ПО:В][П:В];Intercept;6.833;0.267;0.0;***
2022/2023;main + [КС:НП][КС:ПО][НП:ПО][ПО:В][П:В];П[Женщины];-1.992;0.122;0.0;***
2022/2023;main + [КС:НП][КС:ПО][НП:ПО][ПО:В][П:В];В[18‒34];-0.671;0.1;0.0;***
2022/2023;main + [КС:НП][КС:ПО][НП:ПО][ПО:В][П:В];В[50‒79];-0.033;0.082;0.69;
2022/2023;main + [КС:НП][КС:ПО][НП:ПО][ПО:В][П:В];П[Женщины]:В[18‒34];-0.052;0.215;0.808;
2022/2023;main + [КС:НП][КС:ПО][НП:ПО][ПО:В][П:В];П[Женщины]:В[50‒79];0.488;0.166;0.003;**
2022/2023;main + [КС:НП][КС:ПО][НП:ПО][ПО:В][П:В];КС;-1.616;0.26;0.0;***
2022/2023;main + [КС:НП][КС:ПО][НП:ПО][ПО:В][П:В];НП;-2.72;0.252;0.0;***
2022/2023;main + [КС:НП][КС:ПО][НП:ПО][ПО:В][П:В];ПО;-1.676;0.266;0.0;***
2022/2023;main + [КС:НП][КС:ПО][НП:ПО][ПО:В][П:В];ПО:В[18‒34];-0.048;0.138;0.729;
2022/2023;main + [КС:НП][КС:ПО][НП:ПО][ПО:В][П:В];ПО:В[50‒79];-0.511;0.12;0.0;***
2022/2023;main + [КС:НП][КС:ПО][НП:ПО][ПО:В][П:В];КС:НП;1.065;0.228;0.0;***
2022/2023;main + [КС:НП][КС:ПО][НП:ПО][ПО:В][П:В];КС:ПО;0.616;0.242;0.011;*
2022/2023;main + [КС:НП][КС:ПО][НП:ПО][ПО:В][П:В];НП:ПО;0.496;0.198;0.012;*
2022/2023;main + [КС:НП][ПО:В][П:В];Intercept;6.163;0.099;0.0;***
2022/2023;main + [КС:НП][ПО:В][П:В];П[Женщины];-1.992;0.122;0.0;***
2022/2023;main + [КС:НП][ПО:В][П:В];В[18‒34];-0.671;0.1;0.0;***
2022/2023;main + [КС:НП][ПО:В][П:В];В[50‒79];-0.033;0.082;0.69;
2022/2023;main + [КС:НП][ПО:В][П:В];П[Женщины]:В[18‒34];-0.052;0.215;0.808;
2022/2023;main + [КС:НП][ПО:В][П:В];П[Женщины]:В[50‒79];0.488;0.166;0.003;**
2022/2023;main + [КС:НП][ПО:В][П:В];КС;-0.958;0.084;0.0;***
2022/2023;main + [КС:НП][ПО:В][П:В];НП;-2.088;0.1;0.0;***
2022/2023;main + [КС:НП][ПО:В][П:В];ПО;-1.006;0.094;0.0;***
2022/2023;main + [КС:НП][ПО:В][П:В];ПО:В[18‒34];-0.048;0.138;0.729;
2022/2023;main + [КС:НП][ПО:В][П:В];ПО:В[50‒79];-0.511;0.12;0.0;***
2022/2023;main + [КС:НП][ПО:В][П:В];КС:НП;0.566;0.135;0.0;***
2023/2024;main + [КС:НП][КС:ПО][НП:ПО][КС:П][КС:В][ПО:В];Intercept;7.162;0.286;0.0;***
2023/2024;main + [КС:НП][КС:ПО][НП:ПО][КС:П][КС:В][ПО:В];П[Женщины];-2.342;0.145;0.0;***
2023/2024;main + [КС:НП][КС:ПО][НП:ПО][КС:П][КС:В][ПО:В];В[18‒34];-0.637;0.147;0.0;***
2023/2024;main + [КС:НП][КС:ПО][НП:ПО][КС:П][КС:В][ПО:В];В[50‒79];-0.144;0.124;0.247;
2023/2024;main + [КС:НП][КС:ПО][НП:ПО][КС:П][КС:В][ПО:В];КС;-2.28;0.284;0.0;***
2023/2024;main + [КС:НП][КС:ПО][НП:ПО][КС:П][КС:В][ПО:В];КС:П[Женщины];0.725;0.181;0.0;***
2023/2024;main + [КС:НП][КС:ПО][НП:ПО][КС:П][КС:В][ПО:В];КС:В[18‒34];-0.303;0.17;0.075;.
2023/2024;main + [КС:НП][КС:ПО][НП:ПО][КС:П][КС:В][ПО:В];КС:В[50‒79];0.28;0.138;0.043;*
2023/2024;main + [КС:НП][КС:ПО][НП:ПО][КС:П][КС:В][ПО:В];НП;-2.61;0.27;0.0;***
2023/2024;main + [КС:НП][КС:ПО][НП:ПО][КС:П][КС:В][ПО:В];ПО;-2.241;0.281;0.0;***
2023/2024;main + [КС:НП][КС:ПО][НП:ПО][КС:П][КС:В][ПО:В];ПО:В[18‒34];-0.159;0.17;0.348;
2023/2024;main + [КС:НП][КС:ПО][НП:ПО][КС:П][КС:В][ПО:В];ПО:В[50‒79];-0.477;0.143;0.001;***
2023/2024;main + [КС:НП][КС:ПО][НП:ПО][КС:П][КС:В][ПО:В];КС:НП;1.07;0.243;0.0;***
2023/2024;main + [КС:НП][КС:ПО][НП:ПО][КС:П][КС:В][ПО:В];КС:ПО;1.047;0.248;0.0;***
2023/2024;main + [КС:НП][КС:ПО][НП:ПО][КС:П][КС:В][ПО:В];НП:ПО;0.716;0.218;0.001;**
2023/2024;main + [КС:НП][КС:ПО][КС:П][КС:В][ПО:В];Intercept;6.446;0.184;0.0;***
2023/2024;main + [КС:НП][КС:ПО][КС:П][КС:В][ПО:В];П[Женщины];-2.342;0.145;0.0;***
2023/2024;main + [КС:НП][КС:ПО][КС:П][КС:В][ПО:В];В[18‒34];-0.637;0.147;0.0;***
2023/2024;main + [КС:НП][КС:ПО][КС:П][КС:В][ПО:В];В[50‒79];-0.144;0.124;0.247;
2023/2024;main + [КС:НП][КС:ПО][КС:П][КС:В][ПО:В];КС;-1.6;0.195;0.0;***
2023/2024;main + [КС:НП][КС:ПО][КС:П][КС:В][ПО:В];КС:П[Женщины];0.725;0.181;0.0;***
2023/2024;main + [КС:НП][КС:ПО][КС:П][КС:В][ПО:В];КС:В[18‒34];-0.303;0.17;0.075;.
2023/2024;main + [КС:НП][КС:ПО][КС:П][КС:В][ПО:В];КС:В[50‒79];0.28;0.138;0.043;*
2023/2024;main + [КС:НП][КС:ПО][КС:П][КС:В][ПО:В];НП;-1.894;0.16;0.0;***
2023/2024;main + [КС:НП][КС:ПО][КС:П][КС:В][ПО:В];ПО;-1.525;0.176;0.0;***
2023/2024;main + [КС:НП][КС:ПО][КС:П][КС:В][ПО:В];ПО:В[18‒34];-0.159;0.17;0.348;
2023/2024;main + [КС:НП][КС:ПО][КС:П][КС:В][ПО:В];ПО:В[50‒79];-0.477;0.143;0.001;***
2023/2024;main + [КС:НП][КС:ПО][КС:П][КС:В][ПО:В];КС:НП;0.541;0.188;0.004;**
2023/2024;main + [КС:НП][КС:ПО][КС:П][КС:В][ПО:В];КС:ПО;0.501;0.189;0.008;**
2024/2025;main + [КС:НП][КС:ПО][НП:ПО][КС:П][НП:В][ПО:В];Intercept;7.212;0.298;0.0;***
2024/2025;main + [КС:НП][КС:ПО][НП:ПО][КС:П][НП:В][ПО:В];П[Женщины];-1.968;0.122;0.0;***
2024/2025;main + [КС:НП][КС:ПО][НП:ПО][КС:П][НП:В][ПО:В];В[18‒34];-1.037;0.142;0.0;***
2024/2025;main + [КС:НП][КС:ПО][НП:ПО][КС:П][НП:В][ПО:В];В[50‒79];0.246;0.1;0.014;*
2024/2025;main + [КС:НП][КС:ПО][НП:ПО][КС:П][НП:В][ПО:В];КС;-2.309;0.288;0.0;***
2024/2025;main + [КС:НП][КС:ПО][НП:ПО][КС:П][НП:В][ПО:В];КС:П[Женщины];0.321;0.162;0.047;*
2024/2025;main + [КС:НП][КС:ПО][НП:ПО][КС:П][НП:В][ПО:В];НП;-2.788;0.294;0.0;***
2024/2025;main + [КС:НП][КС:ПО][НП:ПО][КС:П][НП:В][ПО:В];НП:В[18‒34];0.109;0.184;0.554;
2024/2025;main + [КС:НП][КС:ПО][НП:ПО][КС:П][НП:В][ПО:В];НП:В[50‒79];-0.387;0.144;0.007;**
2024/2025;main + [КС:НП][КС:ПО][НП:ПО][КС:П][НП:В][ПО:В];ПО;-2.125;0.295;0.0;***
2024/2025;main + [КС:НП][КС:ПО][НП:ПО][КС:П][НП:В][ПО:В];ПО:В[18‒34];0.017;0.172;0.923;
2024/2025;main + [КС:НП][КС:ПО][НП:ПО][КС:П][НП:В][ПО:В];ПО:В[50‒79];-0.626;0.133;0.0;***
2024/2025;main + [КС:НП][КС:ПО][НП:ПО][КС:П][НП:В][ПО:В];КС:НП;1.381;0.258;0.0;***
2024/2025;main + [КС:НП][КС:ПО][НП:ПО][КС:П][НП:В][ПО:В];КС:ПО;0.936;0.265;0.0;***
2024/2025;main + [КС:НП][КС:ПО][НП:ПО][КС:П][НП:В][ПО:В];НП:ПО;0.531;0.225;0.018;*
2024/2025;main + [КС:НП][КС:ПО][КС:П][НП:В][ПО:В];Intercept;6.679;0.195;0.0;***
2024/2025;main + [КС:НП][КС:ПО][КС:П][НП:В][ПО:В];П[Женщины];-1.968;0.122;0.0;***
2024/2025;main + [КС:НП][КС:ПО][КС:П][НП:В][ПО:В];В[18‒34];-1.041;0.145;0.0;***
2024/2025;main + [КС:НП][КС:ПО][КС:П][НП:В][ПО:В];В[50‒79];0.264;0.101;0.009;**
2024/2025;main + [КС:НП][КС:ПО][КС:П][НП:В][ПО:В];КС;-1.808;0.196;0.0;***
2024/2025;main + [КС:НП][КС:ПО][КС:П][НП:В][ПО:В];КС:П[Женщины];0.321;0.162;0.047;*
2024/2025;main + [КС:НП][КС:ПО][КС:П][НП:В][ПО:В];НП;-2.251;0.186;0.0;***
2024/2025;main + [КС:НП][КС:ПО][КС:П][НП:В][ПО:В];НП:В[18‒34];0.111;0.187;0.551;
2024/2025;main + [КС:НП][КС:ПО][КС:П][НП:В][ПО:В];НП:В[50‒79];-0.418;0.145;0.004;**
2024/2025;main + [КС:НП][КС:ПО][КС:П][НП:В][ПО:В];ПО;-1.592;0.19;0.0;***
2024/2025;main + [КС:НП][КС:ПО][КС:П][НП:В][ПО:В];ПО:В[18‒34];0.022;0.175;0.902;
2024/2025;main + [КС:НП][КС:ПО][КС:П][НП:В][ПО:В];ПО:В[50‒79];-0.647;0.134;0.0;***
2024/2025;main + [КС:НП][КС:ПО][КС:П][НП:В][ПО:В];КС:НП;0.986;0.202;0.0;***
2024/2025;main + [КС:НП][КС:ПО][КС:П][НП:В][ПО:В];КС:ПО;0.53;0.205;0.01;**
2025/2026;main + [КС:НП][КС:ПО][НП:ПО][НП:В][ПО:П][ПО:В];Intercept;7.257;0.316;0.0;***
2025/2026;main + [КС:НП][КС:ПО][НП:ПО][НП:В][ПО:П][ПО:В];П[Женщины];-1.652;0.109;0.0;***
2025/2026;main + [КС:НП][КС:ПО][НП:ПО][НП:В][ПО:П][ПО:В];В[18‒34];-0.938;0.15;0.0;***
2025/2026;main + [КС:НП][КС:ПО][НП:ПО][НП:В][ПО:П][ПО:В];В[50‒79];0.408;0.104;0.0;***
2025/2026;main + [КС:НП][КС:ПО][НП:ПО][НП:В][ПО:П][ПО:В];КС;-2.506;0.305;0.0;***
2025/2026;main + [КС:НП][КС:ПО][НП:ПО][НП:В][ПО:П][ПО:В];НП;-3.181;0.311;0.0;***
2025/2026;main + [КС:НП][КС:ПО][НП:ПО][НП:В][ПО:П][ПО:В];НП:В[18‒34];-0.244;0.212;0.249;
2025/2026;main + [КС:НП][КС:ПО][НП:ПО][НП:В][ПО:П][ПО:В];НП:В[50‒79];-0.451;0.154;0.003;**
2025/2026;main + [КС:НП][КС:ПО][НП:ПО][НП:В][ПО:П][ПО:В];ПО;-2.195;0.314;0.0;***
2025/2026;main + [КС:НП][КС:ПО][НП:ПО][НП:В][ПО:П][ПО:В];ПО:П[Женщины];-0.559;0.186;0.003;**
2025/2026;main + [КС:НП][КС:ПО][НП:ПО][НП:В][ПО:П][ПО:В];ПО:В[18‒34];-0.18;0.186;0.333;
2025/2026;main + [КС:НП][КС:ПО][НП:ПО][НП:В][ПО:П][ПО:В];ПО:В[50‒79];-0.87;0.139;0.0;***
2025/2026;main + [КС:НП][КС:ПО][НП:ПО][НП:В][ПО:П][ПО:В];КС:НП;1.686;0.269;0.0;***
2025/2026;main + [КС:НП][КС:ПО][НП:ПО][НП:В][ПО:П][ПО:В];КС:ПО;1.075;0.279;0.0;***
2025/2026;main + [КС:НП][КС:ПО][НП:ПО][НП:В][ПО:П][ПО:В];НП:ПО;0.943;0.235;0.0;***
2025/2026;main + [КС:НП][НП:В][ПО:П][ПО:В];Intercept;6.033;0.121;0.0;***
2025/2026;main + [КС:НП][НП:В][ПО:П][ПО:В];П[Женщины];-1.652;0.109;0.0;***
2025/2026;main + [КС:НП][НП:В][ПО:П][ПО:В];В[18‒34];-0.927;0.153;0.0;***
2025/2026;main + [КС:НП][НП:В][ПО:П][ПО:В];В[50‒79];0.432;0.105;0.0;***
2025/2026;main + [КС:НП][НП:В][ПО:П][ПО:В];КС;-1.321;0.102;0.0;***
2025/2026;main + [КС:НП][НП:В][ПО:П][ПО:В];НП;-1.998;0.135;0.0;***
2025/2026;main + [КС:НП][НП:В][ПО:П][ПО:В];НП:В[18‒34];-0.258;0.215;0.23;
2025/2026;main + [КС:НП][НП:В][ПО:П][ПО:В];НП:В[50‒79];-0.498;0.154;0.001;**
2025/2026;main + [КС:НП][НП:В][ПО:П][ПО:В];ПО;-0.969;0.115;0.0;***
2025/2026;main + [КС:НП][НП:В][ПО:П][ПО:В];ПО:П[Женщины];-0.559;0.186;0.003;**
2025/2026;main + [КС:НП][НП:В][ПО:П][ПО:В];ПО:В[18‒34];-0.193;0.188;0.305;
2025/2026;main + [КС:НП][НП:В][ПО:П][ПО:В];ПО:В[50‒79];-0.898;0.14;0.0;***
2025/2026;main + [КС:НП][НП:В][ПО:П][ПО:В];КС:НП;0.774;0.157;0.0;***
