season;strata;sex;age;КС;НП;ПО;count
2019/2020;Женщины, 18‒34;Женщины;18‒34;0;0;0;0
2019/2020;Женщины, 18‒34;Женщины;18‒34;0;0;1;11
2019/2020;Женщины, 18‒34;Женщины;18‒34;0;1;0;9
2019/2020;Женщины, 18‒34;Женщины;18‒34;0;1;1;1
2019/2020;Женщины, 18‒34;Женщины;18‒34;1;0;0;17
2019/2020;Женщины, 18‒34;Женщины;18‒34;1;0;1;5
2019/2020;Женщины, 18‒34;Женщины;18‒34;1;1;0;0
2019/2020;Женщины, 18‒34;Женщины;18‒34;1;1;1;3
2019/2020;Женщины, 35‒49;Женщины;35‒49;0;0;0;0
2019/2020;Женщины, 35‒49;Женщины;35‒49;0;0;1;18
2019/2020;Женщины, 35‒49;Женщины;35‒49;0;1;0;14
2019/2020;Женщины, 35‒49;Женщины;35‒49;0;1;1;5
2019/2020;Женщины, 35‒49;Женщины;35‒49;1;0;0;33
2019/2020;Женщины, 35‒49;Женщины;35‒49;1;0;1;6
2019/2020;Женщины, 35‒49;Женщины;35‒49;1;1;0;7
2019/2020;Женщины, 35‒49;Женщины;35‒49;1;1;1;3
2019/2020;Женщины, 50‒79;Женщины;50‒79;0;0;0;0
2019/2020;Женщины, 50‒79;Женщины;50‒79;0;0;1;17
2019/2020;Женщины, 50‒79;Женщины;50‒79;0;1;0;12
2019/2020;Женщины, 50‒79;Женщины;50‒79;0;1;1;5
2019/2020;Женщины, 50‒79;Женщины;50‒79;1;0;0;43
2019/2020;Женщины, 50‒79;Женщины;50‒79;1;0;1;4
2019/2020;Женщины, 50‒79;Женщины;50‒79;1;1;0;10
2019/2020;Женщины, 50‒79;Женщины;50‒79;1;1;1;5
2019/2020;Мужчины, 18‒34;Мужчины;18‒34;0;0;0;0
2019/2020;Мужчины, 18‒34;Мужчины;18‒34;0;0;1;85
2019/2020;Мужчины, 18‒34;Мужчины;18‒34;0;1;0;50
2019/2020;Мужчины, 18‒34;Мужчины;18‒34;0;1;1;9
2019/2020;Мужчины, 18‒34;Мужчины;18‒34;1;0;0;109
2019/2020;Мужчины, 18‒34;Мужчины;18‒34;1;0;1;34
2019/2020;Мужчины, 18‒34;Мужчины;18‒34;1;1;0;24
2019/2020;Мужчины, 18‒34;Мужчины;18‒34;1;1;1;14
2019/2020;Мужчины, 35‒49;Мужчины;35‒49;0;0;0;0
2019/2020;Мужчины, 35‒49;Мужчины;35‒49;0;0;1;161
2019/2020;Мужчины, 35‒49;Мужчины;35‒49;0;1;0;115
2019/2020;Мужчины, 35‒49;Мужчины;35‒49;0;1;1;24
2019/2020;Мужчины, 35‒49;Мужчины;35‒49;1;0;0;214
2019/2020;Мужчины, 35‒49;Мужчины;35‒49;1;0;1;59
2019/2020;Мужчины, 35‒49;Мужчины;35‒49;1;1;0;29
2019/2020;Мужчины, 35‒49;Мужчины;35‒49;1;1;1;24
2019/2020;Мужчины, 50‒79;Мужчины;50‒79;0;0;0;0
2019/2020;Мужчины, 50‒79;Мужчины;50‒79;0;0;1;84
2019/2020;Мужчины, 50‒79;Мужчины;50‒79;0;1;0;70
2019/2020;Мужчины, 50‒79;Мужчины;50‒79;0;1;1;11
2019/2020;Мужчины, 50‒79;Мужчины;50‒79;1;0;0;200
2019/2020;Мужчины, 50‒79;Мужчины;50‒79;1;0;1;25
2019/2020;Мужчины, 50‒79;Мужчины;50‒79;1;1;0;44
2019/2020;Мужчины, 50‒79;Мужчины;50‒79;1;1;1;21
2020/2021;Женщины, 18‒34;Женщины;18‒34;0;0;0;0
2020/2021;Женщины, 18‒34;Женщины;18‒34;0;0;1;12
2020/2021;Женщины, 18‒34;Женщины;18‒34;0;1;0;8
2020/2021;Женщины, 18‒34;Женщины;18‒34;0;1;1;1
2020/2021;Женщины, 18‒34;Женщины;18‒34;1;0;0;7
2020/2021;Женщины, 18‒34;Женщины;18‒34;1;0;1;3
2020/2021;Женщины, 18‒34;Женщины;18‒34;1;1;0;5
2020/2021;Женщины, 18‒34;Женщины;18‒34;1;1;1;3
2020/2021;Женщины, 35‒49;Женщины;35‒49;0;0;0;0
2020/2021;Женщины, 35‒49;Женщины;35‒49;0;0;1;17
2020/2021;Женщины, 35‒49;Женщины;35‒49;0;1;0;13
2020/2021;Женщины, 35‒49;Женщины;35‒49;0;1;1;4
2020/2021;Женщины, 35‒49;Женщины;35‒49;1;0;0;32
2020/2021;Женщины, 35‒49;Женщины;35‒49;1;0;1;6
2020/2021;Женщины, 35‒49;Женщины;35‒49;1;1;0;7
2020/2021;Женщины, 35‒49;Женщины;35‒49;1;1;1;2
2020/2021;Женщины, 50‒79;Женщины;50‒79;0;0;0;0
2020/2021;Женщины, 50‒79;Женщины;50‒79;0;0;1;9
2020/2021;Женщины, 50‒79;Женщины;50‒79;0;1;0;15
2020/2021;Женщины, 50‒79;Женщины;50‒79;0;1;1;1
2020/2021;Женщины, 50‒79;Женщины;50‒79;1;0;0;28
2020/2021;Женщины, 50‒79;Женщины;50‒79;1;0;1;6
2020/2021;Женщины, 50‒79;Женщины;50‒79;1;1;0;14
2020/2021;Женщины, 50‒79;Женщины;50‒79;1;1;1;1
2020/2021;Мужчины, 18‒34;Мужчины;18‒34;0;0;0;0
2020/2021;Мужчины, 18‒34;Мужчины;18‒34;0;0;1;85
2020/2021;Мужчины, 18‒34;Мужчины;18‒34;0;1;0;53
2020/2021;Мужчины, 18‒34;Мужчины;18‒34;0;1;1;6
2020/2021;Мужчины, 18‒34;Мужчины;18‒34;1;0;0;74
2020/2021;Мужчины, 18‒34;Мужчины;18‒34;1;0;1;23
2020/2021;Мужчины, 18‒34;Мужчины;18‒34;1;1;0;9
2020/2021;Мужчины, 18‒34;Мужчины;18‒34;1;1;1;12
2020/2021;Мужчины, 35‒49;Мужчины;35‒49;0;0;0;0
2020/2021;Мужчины, 35‒49;Мужчины;35‒49;0;0;1;155
2020/2021;Мужчины, 35‒49;Мужчины;35‒49;0;1;0;89
2020/2021;Мужчины, 35‒49;Мужчины;35‒49;0;1;1;25
2020/2021;Мужчины, 35‒49;Мужчины;35‒49;1;0;0;165
2020/2021;Мужчины, 35‒49;Мужчины;35‒49;1;0;1;45
2020/2021;Мужчины, 35‒49;Мужчины;35‒49;1;1;0;39
2020/2021;Мужчины, 35‒49;Мужчины;35‒49;1;1;1;19
2020/2021;Мужчины, 50‒79;Мужчины;50‒79;0;0;0;0
2020/2021;Мужчины, 50‒79;Мужчины;50‒79;0;0;1;95
2020/2021;Мужчины, 50‒79;Мужчины;50‒79;0;1;0;64
2020/2021;Мужчины, 50‒79;Мужчины;50‒79;0;1;1;13
2020/2021;Мужчины, 50‒79;Мужчины;50‒79;1;0;0;180
2020/2021;Мужчины, 50‒79;Мужчины;50‒79;1;0;1;23
2020/2021;Мужчины, 50‒79;Мужчины;50‒79;1;1;0;21
2020/2021;Мужчины, 50‒79;Мужчины;50‒79;1;1;1;28
2021/2022;Женщины, 18‒34;Женщины;18‒34;0;0;0;0
2021/2022;Женщины, 18‒34;Женщины;18‒34;0;0;1;4
2021/2022;Женщины, 18‒34;Женщины;18‒34;0;1;0;14
2021/2022;Женщины, 18‒34;Женщины;18‒34;0;1;1;0
2021/2022;Женщины, 18‒34;Женщины;18‒34;1;0;0;10
2021/2022;Женщины, 18‒34;Женщины;18‒34;1;0;1;2
2021/2022;Женщины, 18‒34;Женщины;18‒34;1;1;0;5
2021/2022;Женщины, 18‒34;Женщины;18‒34;1;1;1;3
2021/2022;Женщины, 35‒49;Женщины;35‒49;0;0;0;0
2021/2022;Женщины, 35‒49;Женщины;35‒49;0;0;1;20
2021/2022;Женщины, 35‒49;Женщины;35‒49;0;1;0;15
2021/2022;Женщины, 35‒49;Женщины;35‒49;0;1;1;3
2021/2022;Женщины, 35‒49;Женщины;35‒49;1;0;0;33
2021/2022;Женщины, 35‒49;Женщины;35‒49;1;0;1;1
2021/2022;Женщины, 35‒49;Женщины;35‒49;1;1;0;12
2021/2022;Женщины, 35‒49;Женщины;35‒49;1;1;1;4
2021/2022;Женщины, 50‒79;Женщины;50‒79;0;0;0;0
2021/2022;Женщины, 50‒79;Женщины;50‒79;0;0;1;16
2021/2022;Женщины, 50‒79;Женщины;50‒79;0;1;0;15
2021/2022;Женщины, 50‒79;Женщины;50‒79;0;1;1;3
2021/2022;Женщины, 50‒79;Женщины;50‒79;1;0;0;36
2021/2022;Женщины, 50‒79;Женщины;50‒79;1;0;1;3
2021/2022;Женщины, 50‒79;Женщины;50‒79;1;1;0;8
2021/2022;Женщины, 50‒79;Женщины;50‒79;1;1;1;2
2021/2022;Мужчины, 18‒34;Мужчины;18‒34;0;0;0;0
2021/2022;Мужчины, 18‒34;Мужчины;18‒34;0;0;1;94
2021/2022;Мужчины, 18‒34;Мужчины;18‒34;0;1;0;33
2021/2022;Мужчины, 18‒34;Мужчины;18‒34;0;1;1;14
2021/2022;Мужчины, 18‒34;Мужчины;18‒34;1;0;0;80
2021/2022;Мужчины, 18‒34;Мужчины;18‒34;1;0;1;26
2021/2022;Мужчины, 18‒34;Мужчины;18‒34;1;1;0;16
2021/2022;Мужчины, 18‒34;Мужчины;18‒34;1;1;1;23
2021/2022;Мужчины, 35‒49;Мужчины;35‒49;0;0;0;0
2021/2022;Мужчины, 35‒49;Мужчины;35‒49;0;0;1;189
2021/2022;Мужчины, 35‒49;Мужчины;35‒49;0;1;0;88
2021/2022;Мужчины, 35‒49;Мужчины;35‒49;0;1;1;30
2021/2022;Мужчины, 35‒49;Мужчины;35‒49;1;0;0;196
2021/2022;Мужчины, 35‒49;Мужчины;35‒49;1;0;1;63
2021/2022;Мужчины, 35‒49;Мужчины;35‒49;1;1;0;38
2021/2022;Мужчины, 35‒49;Мужчины;35‒49;1;1;1;32
2021/2022;Мужчины, 50‒79;Мужчины;50‒79;0;0;0;0
2021/2022;Мужчины, 50‒79;Мужчины;50‒79;0;0;1;109
2021/2022;Мужчины, 50‒79;Мужчины;50‒79;0;1;0;57
2021/2022;Мужчины, 50‒79;Мужчины;50‒79;0;1;1;17
2021/2022;Мужчины, 50‒79;Мужчины;50‒79;1;0;0;177
2021/2022;Мужчины, 50‒79;Мужчины;50‒79;1;0;1;44
2021/2022;Мужчины, 50‒79;Мужчины;50‒79;1;1;0;23
2021/2022;Мужчины, 50‒79;Мужчины;50‒79;1;1;1;14
2022/2023;Женщины, 18‒34;Женщины;18‒34;0;0;0;0
2022/2023;Женщины, 18‒34;Женщины;18‒34;0;0;1;10
2022/2023;Женщины, 18‒34;Женщины;18‒34;0;1;0;5
2022/2023;Женщины, 18‒34;Женщины;18‒34;0;1;1;0
2022/2023;Женщины, 18‒34;Женщины;18‒34;1;0;0;14
2022/2023;Женщины, 18‒34;Женщины;18‒34;1;0;1;2
2022/2023;Женщины, 18‒34;Женщины;18‒34;1;1;0;3
2022/2023;Женщины, 18‒34;Женщины;18‒34;1;1;1;2
2022/2023;Женщины, 35‒49;Женщины;35‒49;0;0;0;0
2022/2023;Женщины, 35‒49;Женщины;35‒49;0;0;1;20
2022/2023;Женщины, 35‒49;Женщины;35‒49;0;1;0;9
2022/2023;Женщины, 35‒49;Женщины;35‒49;0;1;1;1
2022/2023;Женщины, 35‒49;Женщины;35‒49;1;0;0;27
2022/2023;Женщины, 35‒49;Женщины;35‒49;1;0;1;9
2022/2023;Женщины, 35‒49;Женщины;35‒49;1;1;0;7
2022/2023;Женщины, 35‒49;Женщины;35‒49;1;1;1;3
2022/2023;Женщины, 50‒79;Женщины;50‒79;0;0;0;0
2022/2023;Женщины, 50‒79;Женщины;50‒79;0;0;1;25
2022/2023;Женщины, 50‒79;Женщины;50‒79;0;1;0;7
2022/2023;Женщины, 50‒79;Женщины;50‒79;0;1;1;1
2022/2023;Женщины, 50‒79;Женщины;50‒79;1;0;0;44
2022/2023;Женщины, 50‒79;Женщины;50‒79;1;0;1;5
2022/2023;Женщины, 50‒79;Женщины;50‒79;1;1;0;10
2022/2023;Женщины, 50‒79;Женщины;50‒79;1;1;1;4
2022/2023;Мужчины, 18‒34;Мужчины;18‒34;0;0;0;0
2022/2023;Мужчины, 18‒34;Мужчины;18‒34;0;0;1;91
2022/2023;Мужчины, 18‒34;Мужчины;18‒34;0;1;0;33
2022/2023;Мужчины, 18‒34;Мужчины;18‒34;0;1;1;11
2022/2023;Мужчины, 18‒34;Мужчины;18‒34;1;0;0;86
2022/2023;Мужчины, 18‒34;Мужчины;18‒34;1;0;1;24
2022/2023;Мужчины, 18‒34;Мужчины;18‒34;1;1;0;21
2022/2023;Мужчины, 18‒34;Мужчины;18‒34;1;1;1;12
2022/2023;Мужчины, 35‒49;Мужчины;35‒49;0;0;0;0
2022/2023;Мужчины, 35‒49;Мужчины;35‒49;0;0;1;170
2022/2023;Мужчины, 35‒49;Мужчины;35‒49;0;1;0;68
2022/2023;Мужчины, 35‒49;Мужчины;35‒49;0;1;1;19
2022/2023;Мужчины, 35‒49;Мужчины;35‒49;1;0;0;177
2022/2023;Мужчины, 35‒49;Мужчины;35‒49;1;0;1;76
2022/2023;Мужчины, 35‒49;Мужчины;35‒49;1;1;0;31
2022/2023;Мужчины, 35‒49;Мужчины;35‒49;1;1;1;16
2022/2023;Мужчины, 50‒79;Мужчины;50‒79;0;0;0;0
2022/2023;Мужчины, 50‒79;Мужчины;50‒79;0;0;1;100
2022/2023;Мужчины, 50‒79;Мужчины;50‒79;0;1;0;55
2022/2023;Мужчины, 50‒79;Мужчины;50‒79;0;1;1;13
2022/2023;Мужчины, 50‒79;Мужчины;50‒79;1;0;0;186
2022/2023;Мужчины, 50‒79;Мужчины;50‒79;1;0;1;37
2022/2023;Мужчины, 50‒79;Мужчины;50‒79;1;1;0;30
2022/2023;Мужчины, 50‒79;Мужчины;50‒79;1;1;1;11
2023/2024;Женщины, 18‒34;Женщины;18‒34;0;0;0;0
2023/2024;Женщины, 18‒34;Женщины;18‒34;0;0;1;4
2023/2024;Женщины, 18‒34;Женщины;18‒34;0;1;0;5
2023/2024;Женщины, 18‒34;Женщины;18‒34;0;1;1;1
2023/2024;Женщины, 18‒34;Женщины;18‒34;1;0;0;10
2023/2024;Женщины, 18‒34;Женщины;18‒34;1;0;1;3
2023/2024;Женщины, 18‒34;Женщины;18‒34;1;1;0;4
2023/2024;Женщины, 18‒34;Женщины;18‒34;1;1;1;1
2023/2024;Женщины, 35‒49;Женщины;35‒49;0;0;0;0
2023/2024;Женщины, 35‒49;Женщины;35‒49;0;0;1;13
2023/2024;Женщины, 35‒49;Женщины;35‒49;0;1;0;11
2023/2024;Женщины, 35‒49;Женщины;35‒49;0;1;1;1
2023/2024;Женщины, 35‒49;Женщины;35‒49;1;0;0;25
2023/2024;Женщины, 35‒49;Женщины;35‒49;1;0;1;6
2023/2024;Женщины, 35‒49;Женщины;35‒49;1;1;0;9
2023/2024;Женщины, 35‒49;Женщины;35‒49;1;1;1;3
2023/2024;Женщины, 50‒79;Женщины;50‒79;0;0;0;0
2023/2024;Женщины, 50‒79;Женщины;50‒79;0;0;1;8
2023/2024;Женщины, 50‒79;Женщины;50‒79;0;1;0;9
2023/2024;Женщины, 50‒79;Женщины;50‒79;0;1;1;0
2023/2024;Женщины, 50‒79;Женщины;50‒79;1;0;0;30
2023/2024;Женщины, 50‒79;Женщины;50‒79;1;0;1;3
2023/2024;Женщины, 50‒79;Женщины;50‒79;1;1;0;6
2023/2024;Женщины, 50‒79;Женщины;50‒79;1;1;1;4
2023/2024;Мужчины, 18‒34;Мужчины;18‒34;0;0;0;0
2023/2024;Мужчины, 18‒34;Мужчины;18‒34;0;0;1;62
2023/2024;Мужчины, 18‒34;Мужчины;18‒34;0;1;0;54
2023/2024;Мужчины, 18‒34;Мужчины;18‒34;0;1;1;7
2023/2024;Мужчины, 18‒34;Мужчины;18‒34;1;0;0;45
2023/2024;Мужчины, 18‒34;Мужчины;18‒34;1;0;1;15
2023/2024;Мужчины, 18‒34;Мужчины;18‒34;1;1;0;12
2023/2024;Мужчины, 18‒34;Мужчины;18‒34;1;1;1;8
2023/2024;Мужчины, 35‒49;Мужчины;35‒49;0;0;0;0
2023/2024;Мужчины, 35‒49;Мужчины;35‒49;0;0;1;139
2023/2024;Мужчины, 35‒49;Мужчины;35‒49;0;1;0;91
2023/2024;Мужчины, 35‒49;Мужчины;35‒49;0;1;1;22
2023/2024;Мужчины, 35‒49;Мужчины;35‒49;1;0;0;131
2023/2024;Мужчины, 35‒49;Мужчины;35‒49;1;0;1;40
2023/2024;Мужчины, 35‒49;Мужчины;35‒49;1;1;0;29
2023/2024;Мужчины, 35‒49;Мужчины;35‒49;1;1;1;18
2023/2024;Мужчины, 50‒79;Мужчины;50‒79;0;0;0;0
2023/2024;Мужчины, 50‒79;Мужчины;50‒79;0;0;1;73
2023/2024;Мужчины, 50‒79;Мужчины;50‒79;0;1;0;79
2023/2024;Мужчины, 50‒79;Мужчины;50‒79;0;1;1;14
2023/2024;Мужчины, 50‒79;Мужчины;50‒79;1;0;0;160
2023/2024;Мужчины, 50‒79;Мужчины;50‒79;1;0;1;31
2023/2024;Мужчины, 50‒79;Мужчины;50‒79;1;1;0;26
2023/2024;Мужчины, 50‒79;Мужчины;50‒79;1;1;1;9
2024/2025;Женщины, 18‒34;Женщины;18‒34;0;0;0;0
2024/2025;Женщины, 18‒34;Женщины;18‒34;0;0;1;6
2024/2025;Женщины, 18‒34;Женщины;18‒34;0;1;0;3
2024/2025;Женщины, 18‒34;Женщины;18‒34;0;1;1;1
2024/2025;Женщины, 18‒34;Женщины;18‒34;1;0;0;10
2024/2025;Женщины, 18‒34;Женщины;18‒34;1;0;1;1
2024/2025;Женщины, 18‒34;Женщины;18‒34;1;1;0;2
2024/2025;Женщины, 18‒34;Женщины;18‒34;1;1;1;1
2024/2025;Женщины, 35‒49;Женщины;35‒49;0;0;0;0
2024/2025;Женщины, 35‒49;Женщины;35‒49;0;0;1;23
2024/2025;Женщины, 35‒49;Женщины;35‒49;0;1;0;8
2024/2025;Женщины, 35‒49;Женщины;35‒49;0;1;1;1
2024/2025;Женщины, 35‒49;Женщины;35‒49;1;0;0;30
2024/2025;Женщины, 35‒49;Женщины;35‒49;1;0;1;2
2024/2025;Женщины, 35‒49;Женщины;35‒49;1;1;0;2
2024/2025;Женщины, 35‒49;Женщины;35‒49;1;1;1;4
2024/2025;Женщины, 50‒79;Женщины;50‒79;0;0;0;0
2024/2025;Женщины, 50‒79;Женщины;50‒79;0;0;1;22
2024/2025;Женщины, 50‒79;Женщины;50‒79;0;1;0;11
2024/2025;Женщины, 50‒79;Женщины;50‒79;0;1;1;2
2024/2025;Женщины, 50‒79;Женщины;50‒79;1;0;0;36
2024/2025;Женщины, 50‒79;Женщины;50‒79;1;0;1;6
2024/2025;Женщины, 50‒79;Женщины;50‒79;1;1;0;9
2024/2025;Женщины, 50‒79;Женщины;50‒79;1;1;1;2
2024/2025;Мужчины, 18‒34;Мужчины;18‒34;0;0;0;0
2024/2025;Мужчины, 18‒34;Мужчины;18‒34;0;0;1;59
2024/2025;Мужчины, 18‒34;Мужчины;18‒34;0;1;0;34
2024/2025;Мужчины, 18‒34;Мужчины;18‒34;0;1;1;8
2024/2025;Мужчины, 18‒34;Мужчины;18‒34;1;0;0;45
2024/2025;Мужчины, 18‒34;Мужчины;18‒34;1;0;1;20
2024/2025;Мужчины, 18‒34;Мужчины;18‒34;1;1;0;16
2024/2025;Мужчины, 18‒34;Мужчины;18‒34;1;1;1;4
2024/2025;Мужчины, 35‒49;Мужчины;35‒49;0;0;0;0
2024/2025;Мужчины, 35‒49;Мужчины;35‒49;0;0;1;164
2024/2025;Мужчины, 35‒49;Мужчины;35‒49;0;1;0;100
2024/2025;Мужчины, 35‒49;Мужчины;35‒49;0;1;1;15
2024/2025;Мужчины, 35‒49;Мужчины;35‒49;1;0;0;126
2024/2025;Мужчины, 35‒49;Мужчины;35‒49;1;0;1;49
2024/2025;Мужчины, 35‒49;Мужчины;35‒49;1;1;0;29
2024/2025;Мужчины, 35‒49;Мужчины;35‒49;1;1;1;15
2024/2025;Мужчины, 50‒79;Мужчины;50‒79;0;0;0;0
2024/2025;Мужчины, 50‒79;Мужчины;50‒79;0;0;1;103
2024/2025;Мужчины, 50‒79;Мужчины;50‒79;0;1;0;59
2024/2025;Мужчины, 50‒79;Мужчины;50‒79;0;1;1;9
2024/2025;Мужчины, 50‒79;Мужчины;50‒79;1;0;0;176
2024/2025;Мужчины, 50‒79;Мужчины;50‒79;1;0;1;22
2024/2025;Мужчины, 50‒79;Мужчины;50‒79;1;1;0;31
2024/2025;Мужчины, 50‒79;Мужчины;50‒79;1;1;1;12
2025/2026;Женщины, 18‒34;Женщины;18‒34;0;0;0;0
2025/2026;Женщины, 18‒34;Женщины;18‒34;0;0;1;9
2025/2026;Женщины, 18‒34;Женщины;18‒34;0;1;0;1
2025/2026;Женщины, 18‒34;Женщины;18‒34;0;1;1;1
2025/2026;Женщины, 18‒34;Женщины;18‒34;1;0;0;13
2025/2026;Женщины, 18‒34;Женщины;18‒34;1;0;1;0
2025/2026;Женщины, 18‒34;Женщины;18‒34;1;1;0;3
2025/2026;Женщины, 18‒34;Женщины;18‒34;1;1;1;1
2025/2026;Женщины, 35‒49;Женщины;35‒49;0;0;0;0
2025/2026;Женщины, 35‒49;Женщины;35‒49;0;0;1;14
2025/2026;Женщины, 35‒49;Женщины;35‒49;0;1;0;12
2025/2026;Женщины, 35‒49;Женщины;35‒49;0;1;1;2
2025/2026;Женщины, 35‒49;Женщины;35‒49;1;0;0;14
2025/2026;Женщины, 35‒49;Женщины;35‒49;1;0;1;1
2025/2026;Женщины, 35‒49;Женщины;35‒49;1;1;0;6
2025/2026;Женщины, 35‒49;Женщины;35‒49;1;1;1;4
2025/2026;Женщины, 50‒79;Женщины;50‒79;0;0;0;0
2025/2026;Женщины, 50‒79;Женщины;50‒79;0;0;1;13
2025/2026;Женщины, 50‒79;Женщины;50‒79;0;1;0;7
2025/2026;Женщины, 50‒79;Женщины;50‒79;0;1;1;0
2025/2026;Женщины, 50‒79;Женщины;50‒79;1;0;0;38
2025/2026;Женщины, 50‒79;Женщины;50‒79;1;0;1;3
2025/2026;Женщины, 50‒79;Женщины;50‒79;1;1;0;7
2025/2026;Женщины, 50‒79;Женщины;50‒79;1;1;1;1
2025/2026;Мужчины, 18‒34;Мужчины;18‒34;0;0;0;0
2025/2026;Мужчины, 18‒34;Мужчины;18‒34;0;0;1;45
2025/2026;Мужчины, 18‒34;Мужчины;18‒34;0;1;0;20
2025/2026;Мужчины, 18‒34;Мужчины;18‒34;0;1;1;5
2025/2026;Мужчины, 18‒34;Мужчины;18‒34;1;0;0;44
2025/2026;Мужчины, 18‒34;Мужчины;18‒34;1;0;1;14
2025/2026;Мужчины, 18‒34;Мужчины;18‒34;1;1;0;4
2025/2026;Мужчины, 18‒34;Мужчины;18‒34;1;1;1;7
2025/2026;Мужчины, 35‒49;Мужчины;35‒49;0;0;0;0
2025/2026;Мужчины, 35‒49;Мужчины;35‒49;0;0;1;162
2025/2026;Мужчины, 35‒49;Мужчины;35‒49;0;1;0;61
2025/2026;Мужчины, 35‒49;Мужчины;35‒49;0;1;1;16
2025/2026;Мужчины, 35‒49;Мужчины;35‒49;1;0;0;123
2025/2026;Мужчины, 35‒49;Мужчины;35‒49;1;0;1;41
2025/2026;Мужчины, 35‒49;Мужчины;35‒49;1;1;0;23
2025/2026;Мужчины, 35‒49;Мужчины;35‒49;1;1;1;20
2025/2026;Мужчины, 50‒79;Мужчины;50‒79;0;0;0;0
2025/2026;Мужчины, 50‒79;Мужчины;50‒79;0;0;1;100
2025/2026;Мужчины, 50‒79;Мужчины;50‒79;0;1;0;58
2025/2026;Мужчины, 50‒79;Мужчины;50‒79;0;1;1;7
2025/2026;Мужчины, 50‒79;Мужчины;50‒79;1;0;0;167
2025/2026;Мужчины, 50‒79;Мужчины;50‒79;1;0;1;23
2025/2026;Мужчины, 50‒79;Мужчины;50‒79;1;1;0;27
2025/2026;Мужчины, 50‒79;Мужчины;50‒79;1;1;1;7
